index,url,valid,domain,title,description,image,published,archive,content,quote,language,keyword
https://www.stern.de/lifestyle/leute/andrew-mountbatten-windsor--koenig-charles-streicht-ehrentitel-offiziell-36917086.html,https://www.stern.de/lifestyle/leute/andrew-mountbatten-windsor--koenig-charles-streicht-ehrentitel-offiziell-36917086.html,0,www.stern.de,Andrew Mountbatten-Windsor: König Charles streicht Ehrentitel offiziell,Löschung aus den Ritterorden: König Charles hat die königlichen Ehrentitel seines Bruders Andrew Mountbatten-Windsor offiziell annulliert.,https://image.stern.de/36917090/t/pg/v1/w1440/r1.7778/-/01--koenig-charles-streicht-ehrentitel-offiziell---16-9---spoton-article-1124017.jpg,2025-12-01T17:21:00Z,,"Kopiere den aktuellen Link
Zur Merkliste hinzufügen
Löschung aus den Ritterorden: König Charles hat die königlichen Ehrentitel seines Bruders Andrew Mountbatten-Windsor offiziell annulliert.
Was K… [+2949 chars]",,de,'Andrew Mountbatten-Windsor'
https://www.morgenpost.de/panorama/article410599353/ex-prinz-andrew-koenig-charles-wirft-seinen-bruder-aus-ritterorden.html,https://www.morgenpost.de/panorama/article410599353/ex-prinz-andrew-koenig-charles-wirft-seinen-bruder-aus-ritterorden.html,0,www.morgenpost.de,Ex-Prinz Andrew: König Charles wirft seinen Bruder aus Ritterorden,König Charles III. entzieht seinem Bruder Andrew die letzten verbliebenen royalen Ehrentitel. Andrew und Sarah Ferguson sollen außerdem ausziehen.,https://img.sparknews.funkemedien.de/410599357/410599357_1764638489_v16_9_1600.jpeg,2025-12-02T01:21:26Z,,"Was König Charles III. Ende Oktober ankündigte, wurde nun offiziell bestätigt: Am 1. Dezember veröffentlichte The Gazette, das offizielle Amtsblatt des Vereinigten Königreichs, den Eintrag, mit dem d… [+3190 chars]",,de,'Charles III'
https://www.stern.de/kultur/andrew-mountbatten-windsor--kein-geld-fuer-ihn-nach-royal-lodge-umzug-36921276.html,https://www.stern.de/kultur/andrew-mountbatten-windsor--kein-geld-fuer-ihn-nach-royal-lodge-umzug-36921276.html,0,www.stern.de,Andrew Mountbatten-Windsor: Kein Geld für ihn nach Royal-Lodge-Umzug,Andrew Mountbatten-Windsor verlässt die Royal Lodge ohne Entschädigung. Die Immobilie ist zu verfallen.,https://image.stern.de/36921280/t/yW/v1/w1440/r1.7778/-/02--kein-geld-fuer-ihn-nach-royal-lodge-umzug---16-9---spoton-article-1124204.jpg,2025-12-02T18:21:00Z,,"Kopiere den aktuellen Link
Zur Merkliste hinzufügen
Andrew Mountbatten-Windsor verlässt die Royal Lodge ohne Entschädigung. Die Immobilie ist zu verfallen.
Der tiefe Fall des früheren Prinzen Andr… [+2809 chars]",,de,'Andrew Mountbatten-Windsor'
